{
  "data": {
    "complete_workflow": {
      "start_time": 1758374190.9629872,
      "end_time": 1758374190.969236,
      "duration": 0.0062487125396728516
    },
    "availability_check": {
      "start_time": 1758374190.96567,
      "end_time": 1758374190.9666233,
      "duration": 0.0009531974792480469
    },
    "event_creation": {
      "start_time": 1758374190.967276,
      "end_time": 1758374190.968191,
      "duration": 0.0009148120880126953
    },
    "event_listing": {
      "start_time": 1758374190.9688427,
      "end_time": 1758374190.9692347,
      "duration": 0.00039196014404296875
    }
  },
  "timestamp": 1758374190,
  "test_name": "test_comprehensive_workflow_with_artifacts"
}