{
  "data": {
    "api_rooms_request": {
      "start_time": 1758390561.2564566,
      "end_time": 1758390561.2581944,
      "duration": 0.001737833023071289
    }
  },
  "timestamp": 1758390561,
  "test_name": "test_api_rooms_with_artifacts"
}