{
  "data": {
    "api_rooms_request": {
      "start_time": 1758390601.8588028,
      "end_time": 1758390601.8606565,
      "duration": 0.0018537044525146484
    }
  },
  "timestamp": 1758390601,
  "test_name": "test_api_rooms_with_artifacts"
}