{
  "data": {
    "api_rooms_request": {
      "start_time": 1758369928.52563,
      "end_time": 1758369928.5323231,
      "duration": 0.006693124771118164
    }
  },
  "timestamp": 1758369928,
  "test_name": "test_api_rooms_with_artifacts"
}