{
  "data": {
    "api_rooms_request": {
      "start_time": 1758389693.5653276,
      "end_time": 1758389693.5667758,
      "duration": 0.0014481544494628906
    }
  },
  "timestamp": 1758389693,
  "test_name": "test_api_rooms_with_artifacts"
}