{
  "data": {
    "api_rooms_request": {
      "start_time": 1758374191.0875752,
      "end_time": 1758374191.089435,
      "duration": 0.001859903335571289
    }
  },
  "timestamp": 1758374191,
  "test_name": "test_api_rooms_with_artifacts"
}