{
  "data": {
    "api_rooms_request": {
      "start_time": 1758392339.5249362,
      "end_time": 1758392339.5292356,
      "duration": 0.0042994022369384766
    }
  },
  "timestamp": 1758392339,
  "test_name": "test_api_rooms_with_artifacts"
}