{
  "data": {
    "api_rooms_request": {
      "start_time": 1758389875.8606331,
      "end_time": 1758389875.8633626,
      "duration": 0.0027294158935546875
    }
  },
  "timestamp": 1758389875,
  "test_name": "test_api_rooms_with_artifacts"
}