{
  "data": {
    "api_rooms_request": {
      "start_time": 1758388932.7506719,
      "end_time": 1758388932.7518911,
      "duration": 0.0012192726135253906
    }
  },
  "timestamp": 1758388932,
  "test_name": "test_api_rooms_with_artifacts"
}