{
  "data": {
    "api_rooms_request": {
      "start_time": 1758377167.6791399,
      "end_time": 1758377167.6811213,
      "duration": 0.001981496810913086
    }
  },
  "timestamp": 1758377167,
  "test_name": "test_api_rooms_with_artifacts"
}