{
  "data": {
    "api_rooms_request": {
      "start_time": 1758391045.814188,
      "end_time": 1758391045.816319,
      "duration": 0.0021309852600097656
    }
  },
  "timestamp": 1758391045,
  "test_name": "test_api_rooms_with_artifacts"
}