{
  "data": {
    "complete_workflow": {
      "start_time": 1758390902.6128747,
      "end_time": 1758390902.617479,
      "duration": 0.004604339599609375
    },
    "availability_check": {
      "start_time": 1758390902.6142843,
      "end_time": 1758390902.6153693,
      "duration": 0.001085042953491211
    },
    "event_creation": {
      "start_time": 1758390902.6161017,
      "end_time": 1758390902.6164575,
      "duration": 0.00035572052001953125
    },
    "event_listing": {
      "start_time": 1758390902.6171381,
      "end_time": 1758390902.6174774,
      "duration": 0.00033926963806152344
    }
  },
  "timestamp": 1758390902,
  "test_name": "test_comprehensive_workflow_with_artifacts"
}