{
  "data": {
    "api_rooms_request": {
      "start_time": 1758369827.6798866,
      "end_time": 1758369827.683518,
      "duration": 0.0036313533782958984
    }
  },
  "timestamp": 1758369827,
  "test_name": "test_api_rooms_with_artifacts"
}